,0,status
0,.md,404
1,.software,404
2,.sale,404
3,.jcb,404
4,.flsmidth,404
5,.ポイント,404
6,.ευ,404
7,.family,404
8,.wtf,404
9,.io,404
10,.smile,404
11,.prod,404
12,.boehringer,404
13,.va,404
14,.中信,404
15,.sm,404
16,.rich,404
17,.stcgroup,404
18,.esurance,404
19,.mw,404
20,.netflix,404
21,.spot,404
22,.play,404
23,.win,404
24,.rocher,404
25,.builders,404
26,.melbourne,404
27,.ac.id,404
28,.epson,404
29,.calvinklein,404
30,.商城,404
31,.cymru,404
32,.nfl,404
33,.tools,404
34,.mobile,404
35,.ax,404
36,.weatherchannel,404
37,.so,404
38,.dj,404
39,.as,200
40,.网络,404
41,.dance,404
42,.ch,200
43,.band,404
44,.grocery,404
45,.reise,404
46,.mh,404
47,.dad,404
48,.domains,404
49,.ba,404
50,.guru,404
51,.台灣,404
52,.insurance,404
53,.عرب,404
54,.homegoods,404
55,.americanexpress,404
56,.nagoya,404
57,.ally,404
58,.off,404
59,.bar,404
60,.dev,404
61,.claims,404
62,.fly,404
63,.eco,404
64,.duck,404
65,.foo,404
66,.cc,404
67,.marketing,404
68,.קום,404
69,.black,404
70,.lupin,404
71,.nhk,404
72,.loans,404
73,.コム,404
74,.afl,404
75,.training,404
76,.repair,404
77,.kerrylogistics,404
78,.nissan,404
79,.metlife,404
80,.london,404
81,.jpmorgan,404
82,.cab,404
83,.tdk,404
84,.ભારત,404
85,.mr,404
86,.mv,404
87,.earth,404
88,.موقع,404
89,.rentals,404
90,.tel,404
91,.msd,404
92,.crown,404
93,.christmas,404
94,.homes,404
95,.tech,404
96,.sandvik,404
97,.af,404
98,.td,404
99,.ooo,404
100,.fujitsu,404
101,.seven,404
102,.softbank,404
103,.alipay,404
104,.vg,403
105,.kinder,404
106,.नेट,404
107,.tvs,404
108,.fan,404
109,.pictures,404
110,.monash,404
111,.agency,404
112,.gallo,404
113,.place,404
114,.wine,404
115,.ro,404
116,.cheap,404
117,.ଭାରତ,404
118,.tires,404
119,.williamhill,404
120,.vermögensberater,404
121,.mm,404
122,.hbo,404
123,.ltda,404
124,.my,200
125,.soccer,404
126,.sk,200
127,.organic,404
128,.cloud,404
129,.sc,200
130,.iselect,404
131,.tf,404
132,.dubai,404
133,.st,404
134,.citic,404
135,.uol,404
136,.fj,404
137,.kerryproperties,404
138,.vuelos,404
139,.bosch,404
140,.net,200
141,.yachts,404
142,.church,404
143,.do,404
144,.co,404
145,.nikon,404
146,.cw,404
147,.sl,404
148,.tt,404
149,.cars,404
150,.azure,404
151,.realestate,404
152,.bw,404
153,.madrid,404
154,.hn,404
155,.pw,200
156,.tips,404
157,.camp,404
158,.yokohama,404
159,.safety,404
160,.lds,404
161,.clinique,404
162,.office,404
163,.fish,404
164,.mckinsey,404
165,.yahoo,404
166,.yodobashi,404
167,.money,404
168,.hotmail,404
169,.lifeinsurance,404
170,.la,404
171,.موريتانيا,404
172,.hamburg,404
173,.台湾,404
174,.intel,404
175,.nz,404
176,.aco,404
177,.tc,404
178,.嘉里大酒店,404
179,.abbott,404
180,.locker,404
181,.sucks,404
182,.voting,404
183,.photo,404
184,.trade,404
185,.sz,404
186,.biz,404
187,.lamborghini,404
188,.accenture,404
189,.buy,404
190,.az,404
191,.site,404
192,.shangrila,404
193,.walter,404
194,.ni,404
195,.ভারত,404
196,.supply,404
197,.airtel,404
198,.farm,404
199,.book,404
200,.city,404
201,.pe,404
202,.gbiz,404
203,.uz,404
204,.cz,200
205,.ads,404
206,.select,404
207,.blog,404
208,.ph,200
209,.pink,404
210,.bloomberg,404
211,.hospital,404
212,.space,404
213,.osaka,404
214,.kuokgroup,404
215,.macys,404
216,.am,200
217,.sg,404
218,.kindle,404
219,.iveco,404
220,.zw,404
221,.zara,404
222,.services,404
223,.deloitte,404
224,.brussels,404
225,.youtube,404
226,.faith,404
227,.shiksha,404
228,.suzuki,404
229,.py,404
230,.dot,404
231,.淡马锡,404
232,.target,404
233,.booking,404
234,.tunes,404
235,.esq,404
236,.directory,404
237,.map,404
238,.corsica,404
239,.vote,404
240,.vi,404
241,.vip,404
242,.games,404
243,.pwc,404
244,.gp,404
245,.guitars,404
246,.plumbing,404
247,.sohu,404
248,.ikano,404
249,.education,404
250,.graphics,404
251,.host,404
252,.social,404
253,.рус,404
254,.weibo,404
255,.gdn,404
256,.jaguar,404
257,.blockbuster,404
258,.swiftcover,404
259,.abb,404
260,.exchange,404
261,.diamonds,404
262,.singles,404
263,.vc,404
264,.hoteles,404
265,.watch,404
266,.dhl,404
267,.enterprises,404
268,.tax,404
269,.music,404
270,.հայ,404
271,.reliance,404
272,.voyage,404
273,.actor,404
274,.int,404
275,.nu,200
276,.africa,404
277,.ice,404
278,.amex,404
279,.lease,404
280,.li,404
281,.xihuan,404
282,.allfinanz,404
283,.ng,404
284,.zm,404
285,.mitsubishi,404
286,.apartments,404
287,.holdings,404
288,.realty,404
289,.gold,404
290,.movistar,404
291,.eat,404
292,.tours,404
293,.ir,404
294,.piaget,404
295,.tiffany,404
296,.community,404
297,.local,404
298,.bradesco,404
299,.lighting,404
300,.飞利浦,404
301,.living,404
302,.భారత్,404
303,.center,404
304,.redstone,404
305,.no,404
306,.irish,404
307,.org,200
308,.farmers,404
309,.ck,404
310,.kh,404
311,.aigo,404
312,.boutique,404
313,.hyundai,404
314,.beauty,404
315,.ci,404
316,.run,404
317,.stc,404
318,.style,404
319,.es,200
320,.السعودية,404
321,.forsale,404
322,.linde,404
323,.hisamitsu,404
324,.expert,404
325,.lexus,404
326,.epost,404
327,.meme,404
328,.land,404
329,.fk,404
330,.alsace,404
331,.attorney,404
332,.sina,404
333,.jetzt,404
334,.doctor,404
335,.guide,404
336,.progressive,404
337,.mx,404
338,.boots,404
339,.online,404
340,.vegas,404
341,.solutions,404
342,.forex,404
343,.saxo,404
344,.fast,404
345,.vista,404
346,.xin,404
347,.tushu,404
348,.airforce,404
349,.ml,404
350,.fedex,404
351,.sd,404
352,.scb,404
353,.menu,404
354,.docs,404
355,.broadway,404
356,.ie,200
357,.stockholm,404
358,.zuerich,404
359,.广东,404
360,.қаз,404
361,.bcn,404
362,.goog,404
363,.இந்தியா,404
364,.عراق,404
365,.bing,404
366,.wales,404
367,.sandvikcoromant,404
368,.gov,404
369,.phone,404
370,.lanxess,404
371,.jobs,404
372,.poker,404
373,.barclaycard,404
374,.review,404
375,.工行,404
376,.mobi,404
377,.cruises,404
378,.ht,404
379,.dating,404
380,.contractors,404
381,.ltd,404
382,.pics,404
383,.otsuka,404
384,.bf,404
385,.statefarm,404
386,.care,404
387,.bentley,404
388,.fox,404
389,.cl,404
390,.wme,404
391,.computer,404
392,.pru,404
393,.mu,404
394,.memorial,404
395,.skype,404
396,.saarland,404
397,.lego,404
398,.sx,404
399,.世界,404
400,.soy,404
401,.bh,404
402,.مصر,404
403,.gf,404
404,.ms,404
405,.broker,404
406,.bible,404
407,.recipes,404
408,.ubs,404
409,.yt,404
410,.free,404
411,.save,404
412,.ਭਾਰਤ,404
413,.한국,404
414,.mobily,404
415,.joburg,404
416,.rugby,404
417,.ge,200
418,.apple,404
419,.bm,404
420,.mk,404
421,.open,404
422,.gmbh,404
423,.zone,404
424,.equipment,404
425,.institute,404
426,.creditunion,404
427,.homesense,404
428,.spiegel,404
429,.rwe,404
430,.诺基亚,404
431,.jp,404
432,.ac.uk,404
433,.joy,404
434,.ком,404
435,.lt,200
436,.club,404
437,.dunlop,404
438,.is,200
439,.team,404
440,.мкд,404
441,.shriram,404
442,.bnl,404
443,.aarp,404
444,.cam,404
445,.contact,404
446,.tw,200
447,.ibm,404
448,.vistaprint,404
449,.sap,404
450,.mortgage,404
451,.sh,404
452,.at,404
453,.cool,404
454,.البحرين,404
455,.嘉里,404
456,.showtime,404
457,.blue,404
458,.gq,404
459,.cba,404
460,.moi,404
461,.sakura,404
462,.radio,404
463,.cash,404
464,.limo,404
465,.parts,404
466,.рф,404
467,.axa,404
468,.hm,404
469,.finance,404
470,.lc,404
471,.fiat,404
472,.se,404
473,.gt,404
474,.auction,404
475,.cf,200
476,.company,404
477,.pr,404
478,.lb,404
479,.life,404
480,.java,404
481,.download,404
482,.verisign,404
483,.house,404
484,.gi,404
485,.คอม,404
486,.bcg,404
487,.ລາວ,404
488,.brother,404
489,.school,404
490,.luxe,404
491,.immobilien,404
492,.gifts,404
493,.mo,404
494,.partners,404
495,.امارات,404
496,.shoes,404
497,.संगठन,404
498,.work,404
499,.vn,200
500,.sanofi,404
501,.catering,404
502,.observer,404
503,.香格里拉,404
504,.cal,404
505,.navy,404
506,.philips,404
507,.ac.in,404
508,.ai,200
509,.airbus,404
510,.ελ,404
511,.sener,404
512,.trust,404
513,.pk,200
514,.quest,404
515,.engineer,404
516,.ею,404
517,.travel,404
518,.circle,404
519,.landrover,404
520,.bike,404
521,.cooking,404
522,.dish,404
523,.viking,404
524,.baby,404
525,.कॉम,404
526,.hockey,404
527,.gratis,404
528,.nexus,404
529,.beer,404
530,.studio,404
531,.florist,404
532,.be,403
533,.engineering,404
534,.edeka,404
535,.godaddy,404
536,.it,200
537,.vision,404
538,.fairwinds,404
539,.sbs,404
540,.meet,404
541,.financial,404
542,.today,404
543,.vodka,404
544,.eu,200
545,.like,404
546,.starhub,404
547,.pid,404
548,.中國,200
549,.erni,404
550,.date,404
551,.भारतम्,404
552,.ابوظبي,404
553,.new,404
554,.sa,404
555,.mz,404
556,.wf,200
557,.symantec,404
558,.seek,404
559,.الاردن,404
560,.ren,404
561,.mint,404
562,.total,404
563,.lk,200
564,.haus,404
565,.barefoot,404
566,.gh,404
567,.mn,404
568,.moto,404
569,.bo,404
570,.channel,404
571,.vanguard,404
572,.diet,404
573,.ceo,404
574,.公益,404
575,.nc.tr,404
576,.codes,404
577,.university,404
578,.orange,404
579,.cfa,404
580,.abc,404
581,.dnp,404
582,.crs,404
583,.horse,404
584,.gle,404
585,.سورية,404
586,.在线,404
587,.coupons,404
588,.jm,404
589,.statoil,404
590,.rw,404
591,.giving,404
592,.design,404
593,.world,404
594,.中国,200
595,.im,404
596,.닷넷,404
597,.statebank,404
598,.passagens,404
599,.gop,404
600,.gr,404
601,.bio,404
602,.car,404
603,.credit,404
604,.八卦,404
605,.qa,404
606,.degree,404
607,.bank,404
608,.party,404
609,.comcast,404
610,.hughes,404
611,.camera,404
612,.ruhr,404
613,.army,404
614,.გე,200
615,.gl,404
616,.bb,404
617,.scot,404
618,.cr,404
619,.game,404
620,.global,404
621,.archi,404
622,.case,404
623,.gallup,404
624,.onion,404
625,.aw,404
626,.blackfriday,404
627,.ee,200
628,.gripe,404
629,.weather,404
630,.invalid,404
631,.tickets,404
632,.commbank,404
633,.stada,404
634,.大众汽车,404
635,.bostik,404
636,.volvo,404
637,.film,404
638,.chase,404
639,.ac,404
640,.build,404
641,.dealer,404
642,.ಭಾರತ,404
643,.autos,404
644,.newholland,404
645,.group,404
646,.audible,404
647,.obi,404
648,.cartier,404
649,.abogado,404
650,.theater,404
651,.срб,404
652,.abudhabi,404
653,.shaw,404
654,.kitchen,404
655,.ferrero,404
656,.here,404
657,.fr,403
658,.author,404
659,.active,404
660,.click,404
661,.exposed,404
662,.rocks,404
663,.deals,404
664,.ipiranga,404
665,.latino,404
666,.adult,404
667,.pet,404
668,.rogers,404
669,.holiday,404
670,.how,404
671,.cologne,404
672,.anz,404
673,.chrome,404
674,.moe,404
675,.immo,404
676,.ist,404
677,.বাংলা,404
678,.بيتك,404
679,.insure,404
680,.sbi,404
681,.shopping,404
682,.zero,404
683,.机构,404
684,.gift,404
685,.canon,404
686,.mutual,404
687,.legal,404
688,.nokia,404
689,.final,404
690,.bond,404
691,.tatar,404
692,.yandex,404
693,.politie,404
694,.ieee,404
695,.lidl,404
696,.الجزائر,404
697,.bom,404
698,.oracle,404
699,.webcam,404
700,.我爱你,404
701,.kia,404
702,.dentist,404
703,.مليسيا,404
704,.store,404
705,.buzz,404
706,.courses,404
707,.ua,404
708,.restaurant,404
709,.bet,404
710,.谷歌,404
711,.sr,404
712,.latrobe,404
713,.mini,404
714,.properties,404
715,.ups,404
716,.اليمن,404
717,.help,404
718,.hotels,404
719,.search,404
720,.موبايلي,404
721,.alfaromeo,404
722,.تونس,404
723,.mtn,404
724,.flickr,404
725,.cbre,404
726,.fujixerox,404
727,.marriott,404
728,.weber,404
729,.works,404
730,.travelchannel,404
731,.neustar,404
732,.kim,404
733,.eus,404
734,.cbs,404
735,.budapest,404
736,.pin,404
737,.佛山,404
738,.kddi,404
739,.now,404
740,.fail,404
741,.iq,404
742,.lasalle,404
743,.college,404
744,.bnpparibas,404
745,.nba,404
746,.mq,404
747,.ericsson,404
748,.capital,404
749,.tn,404
750,.nationwide,404
751,.ارامكو,404
752,.rexroth,404
753,.gmail,404
754,.playstation,404
755,.analytics,404
756,.natura,404
757,.gu,404
758,.intuit,404
759,.reit,404
760,.amica,404
761,.clubmed,404
762,.ag,404
763,.chanel,404
764,.reviews,404
765,.jo,404
766,.rs,404
767,.smart,404
768,.talk,404
769,.coupon,404
770,.クラウド,404
771,.cisco,404
772,.network,404
773,.istanbul,404
774,.ss,404
775,.motorcycles,404
776,.man,404
777,.trading,404
778,.shouji,404
779,.flights,404
780,.bms,404
781,.democrat,404
782,.pharmacy,404
783,.feedback,404
784,.fishing,404
785,.storage,404
786,.capitalone,404
787,.hyatt,404
788,.hk,404
789,.green,404
790,.bid,404
791,.fage,404
792,.rip,404
793,.nf,404
794,.si,404
795,.akdn,404
796,.photography,404
797,.fresenius,404
798,.teva,404
799,.ke,404
800,.lancaster,404
801,.miami,404
802,.ad,404
803,.hair,404
804,.clothing,404
805,.compare,404
806,.ڀارت,404
807,.energy,404
808,.info,404
809,.sy,404
810,.northwesternmutual,404
811,.arte,404
812,.datsun,404
813,.qvc,404
814,.mt,404
815,.audio,404
816,.uconnect,404
817,.citadel,404
818,.wow,404
819,.digital,404
820,.secure,404
821,.media,404
822,.schaeffler,404
823,.abarth,404
824,.toys,404
825,.schule,404
826,.fire,404
827,.movie,404
828,.schwarz,404
829,.cy,404
830,.сайт,404
831,.com,200
832,.museum,404
833,.futbol,404
834,.frontier,404
835,.dell,404
836,.capetown,404
837,.foodnetwork,404
838,.ae,404
839,.lawyer,404
840,.casino,404
841,.cv,404
842,.show,404
843,.sv,404
844,.goldpoint,404
845,.hdfc,404
846,.desi,404
847,.kz,200
848,.one,404
849,.pccw,404
850,.market,404
851,.tirol,404
852,.ricoh,404
853,.xbox,404
854,.firestone,404
855,.xfinity,404
856,.орг,404
857,.limited,404
858,.virgin,404
859,.arpa,404
860,.cn,200
861,.best,404
862,.swiss,404
863,.بازار,404
864,.liaison,404
865,.nra,404
866,.lgbt,404
867,.arab,404
868,.itau,404
869,.furniture,404
870,.укр,404
871,.onl,404
872,.sling,404
873,.भारत,404
874,.ഭാരതം,404
875,.skin,404
876,.aeg,404
877,.rodeo,404
878,.zappos,404
879,.bugatti,404
880,.xerox,404
881,.kw,404
882,.tm,404
883,.hiv,404
884,.lol,404
885,.ryukyu,404
886,.goodyear,404
887,.ifm,404
888,.alibaba,404
889,.lancia,404
890,.グーグル,404
891,.il,404
892,.gal,404
893,.discover,404
894,.scor,404
895,.cg,404
896,.google,404
897,.sn,404
898,.aws,404
899,.barclays,404
900,.chintai,404
901,.mormon,404
902,.tr,404
903,.cm,200
904,.vig,404
905,.frontdoor,404
906,.business,404
907,.nr,404
908,.شبكة,404
909,.المغرب,404
910,.travelersinsurance,404
911,.tui,404
912,.al,404
913,.creditcard,404
914,.er,404
915,.diy,404
916,.toray,404
917,.by,404
918,.pf,404
919,.amsterdam,404
920,.lpl,404
921,.investments,404
922,.hangout,404
923,.ladbrokes,404
924,.komatsu,404
925,.كوم,404
926,.ලංකා,404
927,.temasek,404
928,.walmart,404
929,.qpon,404
930,.cat,404
931,.gm,404
932,.tg,404
933,.foundation,404
934,.maserati,404
935,.католик,404
936,.fm,200
937,.ly,200
938,.boston,404
939,.tz,404
940,.hosting,404
941,.hdfcbank,404
942,.lifestyle,404
943,.bbva,404
944,.uy,404
945,.cleaning,404
946,.ses,404
947,.art,404
948,.lat,404
949,.clinic,404
950,.dabur,404
951,.toshiba,404
952,.ovh,404
953,.ug,404
954,.hsbc,404
955,.song,404
956,.unicom,404
957,.page,404
958,.nl,200
959,.移动,404
960,.aaa,404
961,.bmw,404
962,.hr,404
963,.ec,404
964,.de,200
965,.moda,404
966,.supplies,404
967,.ایران,404
968,.example,404
969,.pa,404
970,.hermes,404
971,.wiki,404
972,.theatre,404
973,.cruise,404
974,.中文网,404
975,.jeep,404
976,.新加坡,404
977,.pohl,404
978,.mit,404
979,.moscow,404
980,.yamaxun,404
981,.бел,404
982,.mba,404
983,.br,404
984,.read,404
985,.lotte,404
986,.eg,404
987,.fyi,404
988,.pm,200
989,.bestbuy,404
990,.science,404
991,.pizza,404
992,.edu,200
993,.nyc,404
994,.press,404
995,.durban,404
996,.visa,404
997,.delivery,404
998,.aig,404
999,.pictet,404
1000,.careers,404
1001,.cricket,404
1002,.bg,404
1003,.wtc,404
1004,.tk,200
1005,.pioneer,404
1006,.consulting,404
1007,.citi,404
1008,.protection,404
1009,.ma,404
1010,.property,404
1011,.tienda,404
1012,.bridgestone,404
1013,.mov,404
1014,.sfr,404
1015,.慈善,404
1016,.stream,404
1017,.international,404
1018,.okinawa,404
1019,.cd,404
1020,.industries,404
1021,.reisen,404
1022,.سودان,404
1023,.academy,404
1024,.mom,404
1025,.id,404
1026,.پاکستان,404
1027,.nadex,404
1028,.bananarepublic,404
1029,.schmidt,404
1030,.rio,404
1031,.everbank,404
1032,.gea,404
1033,.网站,404
1034,.associates,404
1035,.lplfinancial,404
1036,.集团,404
1037,.bot,404
1038,.sony,404
1039,.management,404
1040,.country,404
1041,.gucci,404
1042,.mattel,404
1043,.اتصالات,404
1044,.zippo,404
1045,.vacations,404
1046,.allstate,404
1047,.hkt,404
1048,.rmit,404
1049,.bz,404
1050,.frogans,404
1051,.gy,404
1052,.電訊盈科,404
1053,.infiniti,404
1054,.mma,404
1055,.amazon,404
1056,.za,404
1057,.kp,404
1058,.jewelry,404
1059,.ventures,404
1060,.na,404
1061,.in,404
1062,.ps,404
1063,.ink,404
1064,.photos,404
1065,.公司,404
1066,.セール,404
1067,.health,404
1068,.rest,404
1069,.events,404
1070,.mlb,404
1071,.wed,404
1072,.football,404
1073,.staples,404
1074,.taxi,404
1075,.eurovision,404
1076,.dk,404
1077,.lilly,404
1078,.vivo,404
1079,.wien,404
1080,.lotto,404
1081,.genting,404
1082,.us,404
1083,.kpmg,404
1084,.sca,404
1085,.samsung,404
1086,.link,404
1087,.scholarships,404
1088,.pay,404
1089,.surf,404
1090,.localhost,404
1091,.kerryhotels,404
1092,.சிங்கப்பூர்,404
1093,.call,404
1094,.swatch,404
1095,.xxx,404
1096,.tj,404
1097,.catholic,404
1098,.lincoln,404
1099,.zip,404
1100,.澳門,404
1101,.maison,404
1102,.fi,404
1103,.bzh,404
1104,.realtor,404
1105,.asia,404
1106,.prof,404
1107,.gent,404
1108,.racing,404
1109,.email,404
1110,.sky,404
1111,.ar,404
1112,.alstom,404
1113,.room,404
1114,.gs,404
1115,.re,200
1116,.accountant,404
1117,.dog,404
1118,.bingo,404
1119,.berlin,404
1120,.makeup,404
1121,.viajes,404
1122,.express,404
1123,.ファッション,404
1124,.cx,404
1125,.omega,404
1126,.seat,404
1127,.ca,404
1128,.norton,404
1129,.cafe,404
1130,.technology,404
1131,.mango,404
1132,.sydney,404
1133,.scjohnson,404
1134,.shell,404
1135,.study,404
1136,.tl,404
1137,.auspost,404
1138,.fashion,404
1139,.uno,404
1140,.ao,404
1141,.hitachi,404
1142,.chat,404
1143,.itv,404
1144,.fit,404
1145,.bbc,404
1146,.travelers,404
1147,.report,404
1148,.republican,404
1149,.بھارت,404
1150,.video,404
1151,.gap,404
1152,.bd,404
1153,.sex,404
1154,.deal,404
1155,.닷컴,404
1156,.hu,200
1157,.silk,404
1158,.aramco,404
1159,.box,404
1160,.coop,404
1161,.honda,404
1162,.hot,404
1163,.baseball,404
1164,.test,404
1165,.star,404
1166,.boo,404
1167,.villas,404
1168,.website,404
1169,.globo,404
1170,.men,404
1171,.ngo,404
1172,.top,404
1173,.safe,404
1174,.wanggou,404
1175,.drive,404
1176,.wolterskluwer,404
1177,.plus,404
1178,.网址,404
1179,.blanco,404
1180,.garden,404
1181,.healthcare,404
1182,.me,200
1183,.abbvie,404
1184,.бг,404
1185,.shop,404
1186,.ga,200
1187,.you,404
1188,.mc,404
1189,.prime,404
1190,.flir,404
1191,.security,404
1192,.wedding,404
1193,.мон,404
1194,.lixil,404
1195,.app,404
1196,.coach,404
1197,.فلسطين,404
1198,.mg,404
1199,.bauhaus,404
1200,.rsvp,404
1201,.town,404
1202,.vu,404
1203,.ストア,404
1204,.jcp,404
1205,.systems,404
1206,.post,404
1207,.kn,404
1208,.origins,404
1209,.cu,404
1210,.au,404
1211,.भारोत,404
1212,.sew,404
1213,.nec,404
1214,.android,404
1215,.aero,404
1216,.fitness,404
1217,.ru,404
1218,.versicherung,404
1219,.praxi,404
1220,.삼성,404
1221,.day,404
1222,.bt,404
1223,.商标,404
1224,.om,404
1225,.glass,404
1226,.ing,404
1227,.ferrari,404
1228,.windows,404
1229,.kg,404
1230,.support,404
1231,.lr,404
1232,.prudential,404
1233,.tattoo,404
1234,.markets,404
1235,.lu,404
1236,.nico,404
1237,.عمان,404
1238,.cbn,404
1239,.koeln,404
1240,.kr,200
1241,.bn,404
1242,.lv,200
1243,.th,404
1244,.med,404
1245,.gd,404
1246,.uk,404
1247,.ve,404
1248,.condos,404
1249,.taipei,404
1250,.tp,404
1251,.москва,404
1252,.telefonica,404
1253,.cern,404
1254,.telecity,404
1255,.gg,404
1256,.productions,404
1257,.aq,404
1258,.ye,404
1259,.locus,404
1260,.ไทย,404
1261,.dodge,404
1262,.cfd,404
1263,.panasonic,404
1264,.cipriani,404
1265,.frl,404
1266,.dz,404
1267,.quebec,404
1268,.paris,404
1269,.nrw,404
1270,.loan,404
1271,.audi,404
1272,.taobao,404
1273,.dupont,404
1274,.guardian,404
1275,.lundbeck,404
1276,.bharti,404
1277,.grainger,404
1278,.news,404
1279,.ki,404
1280,.hiphop,404
1281,.doha,404
1282,.fo,404
1283,.estate,404
1284,.toyota,404
1285,.pro,404
1286,.chrysler,404
1287,.barcelona,404
1288,.cuisinella,404
1289,.surgery,404
1290,.honeywell,404
1291,.nissay,404
1292,.gw,404
1293,.tennis,404
1294,.بارت,404
1295,.porn,404
1296,.np,404
1297,.fans,404
1298,.sarl,404
1299,.pt,404
1300,.ky,200
1301,.みんな,404
1302,.woodside,404
1303,.ong,404
1304,.pl,200
1305,.bayern,404
1306,.km,404
1307,.sncf,404
1308,.je,404
1309,.flowers,404
1310,.to,200
1311,.construction,404
1312,.weir,404
1313,.онлайн,404
1314,.rent,404
1315,.forum,404
1316,.bs,404
1317,.tjx,404
1318,.promo,404
1319,.gn,404
1320,.pg,404
1321,.nc,404
1322,.golf,404
1323,.juegos,404
1324,.monster,404
1325,.sexy,404
1326,.discount,404
1327,.sharp,404
1328,.direct,404
1329,.dm,404
1330,.gmo,404
1331,.watches,404
1332,.krd,404
1333,.career,404
1334,.love,404
1335,.red,404
1336,.delta,404
1337,.basketball,404
1338,.kfh,404
1339,.cards,404
1340,.ntt,404
1341,.live,404
1342,.كاثوليك,404
1343,.pub,404
1344,.name,404
1345,.mil,404
1346,.gallery,404
1347,.ping,404
1348,.juniper,404
1349,.kiwi,404
1350,.ls,404
1351,.pn,404
1352,.fun,404
1353,.nike,404
1354,.mtr,404
1355,.dvag,404
1356,.lancome,404
1357,.volkswagen,404
1358,.accountants,404
1359,.联通,404
1360,.firmdale,404
1361,.ভাৰত,404
1362,.bargains,404
1363,.aquarelle,404
1364,.kred,404
1365,.tatamotors,404
1366,.voto,404
1367,.coffee,404
1368,.vermögensberatung,404
1369,.澳门,404
1370,.dental,404
1371,.bj,404
1372,.whoswho,404
1373,.дети,404
1374,.rehab,404
1375,.sb,404
1376,.microsoft,404
1377,.ford,404
1378,.maif,404
1379,.bbt,404
1380,.extraspace,404
1381,.etisalat,404
1382,.cancerresearch,404
1383,.baidu,404
1384,.auto,404
1385,.lacaixa,404
1386,.food,404
1387,.ne,404
1388,.gives,404
1389,.tv,200
1390,.ws,200
1391,.pfizer,404
1392,.قطر,404
1393,.ski,404
1394,.emerck,404
1395,.yoga,404
1396,.fund,404
1397,.aetna,404
1398,.caravan,404
1399,.physio,404
1400,.spreadbetting,404
1401,.xyz,404
1402,.casa,404
1403,.lipsy,404
1404,.aol,404
1405,.gmx,404
1406,.vet,404
1407,.tube,404
1408,.imdb,404
1409,.kyoto,404
1410,.ninja,404
1411,.luxury,404
1412,.su,404
1413,.law,404
1414,.香港,404
1415,.tokyo,404
1416,.data,404
1417,.winners,404
1418,.kaufen,404
1419,.bi,404
1420,.wang,404
1421,.இலங்கை,404
1422,.mp,404
1423,.fidelity,404
1424,.helsinki,404
1425,.agakhan,404
1426,.et,404
1427,.solar,404
