0,.tunes (page does not exist)
1,.now (page does not exist)
2,.firestone
3,.lol
4,.ag
5,.arte (page does not exist)
6,.supply (page does not exist)
7,.symantec
8,.بھارت
9,.fiat
10,.hn
11,.country
12,.cbs
13,.es
14,.webcam
15,.tjx
16,.nfl
17,.xfinity
18,.boots (page does not exist)
19,.ibm
20,.lb
21,.broker (page does not exist)
22,.سورية
23,.pro
24,.қаз
25,.man
26,.kr
27,.erni
28,.swatch
29,.wine (page does not exist)
30,.canon
31,.wtf
32,.mn
33,.honeywell
34,.philips
35,.td
36,.كوم
37,.नेट (page does not exist)
38,.இலங்கை
39,.phone (page does not exist)
40,.fan (page does not exist)
41,.ba
42,.cx
43,.audible (page does not exist)
44,.latino (page does not exist)
45,.guitars
46,.nico
47,.ntt
48,.コム
49,.creditcard (page does not exist)
50,.builders
51,.us
52,.cricket
53,.คอม (page does not exist)
54,.map
55,.skin (page does not exist)
56,.pccw
57,.kn
58,.imdb
59,.weather (page does not exist)
60,.menu
61,.chrysler
62,.exposed
63,.seven
64,.cartier
65,.网络
66,.iveco
67,.food (page does not exist)
68,.it
69,.fedex
70,"Delta Air Lines, Inc."
71,.ca
72,.dev
73,.rugby (page does not exist)
74,.wang (page does not exist)
75,.local
76,.re
77,.axa
78,.hughes
79,.xihuan (page does not exist)
80,.aws (page does not exist)
81,.cbn
82,.saarland
83,.statebank
84,.marriott
85,.XYZ
86,.london
87,.bg
88,.gent
89,.我爱你 (page does not exist)
90,.baseball (page does not exist)
91,.makeup (page does not exist)
92,.grocery (page does not exist)
93,.auspost
94,"CBRE, Inc."
95,.vi
96,.attorney (page does not exist)
97,.rentals (page does not exist)
98,.citic
99,.army (page does not exist)
100,.ventures
101,.statoil
102,.ladbrokes
103,.cw
104,.eco
105,.caravan
106,"FLIR Systems, Inc."
107,.cy
108,.kindle
109,.invalid
110,SAKURA Internet Inc.
111,.verisign
112,.ls
113,.moi (domain name) (page does not exist)
114,.store (page does not exist)
115,.lifeinsurance (page does not exist)
116,.live
117,.ug
118,.বাংলা
119,.reit (page does not exist)
120,.voyage (page does not exist)
121,.ally
122,.itau
123,.insurance (page does not exist)
124,.sky (page does not exist)
125,.vacations (page does not exist)
126,.bs
127,.dish
128,.المغرب
129,.cleaning (page does not exist)
130,.dentist (page does not exist)
131,.discount (page does not exist)
132,.삼성
133,.lidl
134,.bar
135,.wme
136,.dz
137,.football (page does not exist)
138,.rocks
139,.ruhr (page does not exist)
140,.global
141,.williamhill
142,.سودان
143,.ie
144,.diy (page does not exist)
145,.zw
146,.haus (page does not exist)
147,.physio (page does not exist)
148,.慈善 (page does not exist)
149,.工行
150,.frl
151,.net
152,.eg
153,.lancaster
154,.ping
155,.sd
156,.quest
157,.vlaanderen
158,.creditunion
159,.tc
160,.ikano
161,.you (page does not exist)
162,Wolters Kluwer N.V.
163,".berlin
"
164,.je
165,.كاثوليك
166,.edeka
167,.ポイント (page does not exist)
168,.here (page does not exist)
169,.surgery (page does not exist)
170,.vision (page does not exist)
171,.fly (page does not exist)
172,.si
173,.games (page does not exist)
174,Natura Cosméticos S.A.
175,.cal
176,.mit
177,.hiv
178,.bnl
179,.virgin
180,.americanexpress (page does not exist)
181,.infiniti
182,.hisamitsu
183,.living (page does not exist)
184,.swiftcover
185,.travelchannel
186,.sakura
187,.free (page does not exist)
188,.tt
189,.basketball (page does not exist)
190,.zero (page does not exist)
191,.komatsu
192,.py
193,.unicom
194,.select (page does not exist)
195,.fujitsu
196,.forsale (page does not exist)
197,.jewelry (page does not exist)
198,.productions (page does not exist)
199,.date
200,.winners (page does not exist)
201,.intel
202,.jeep
203,.ভারত
204,.hermes
205,.gap
206,.gy
207,.post
208,.restaurant (page does not exist)
209,.basketball
210,.ifm
211,.orange
212,.sexy
213,.total
214,.联通
215,.tires (page does not exist)
216,.schwarz
217,.storage (page does not exist)
218,.investments (page does not exist)
219,.firmdale
220,.play
221,.dot (Internet domain) (page does not exist)
222,.ad
223,.farmers
224,.bb
225,.markets (page does not exist)
226,.diet
227,.college
228,.aq
229,.bmw
230,.kz
231,.care (page does not exist)
232,.boo (gTLD) (page does not exist)
233,.aco
234,.vegas
235,.cu
236,.cheap
237,"Hyatt GTLD, L.L.C."
238,.kuokgroup
239,.so (domain name)
240,.compare (page does not exist)
241,.mov (domain name) (page does not exist)
242,.sk
243,.emerck
244,.भारतम्
245,.bargains
246,.smile (page does not exist)
247,.ລາວ (page does not exist)
248,.bing
249,.id
250,.嘉里
251,.cfd (page does not exist)
252,.lv
253,.fun (page does not exist)
254,.tvs
255,.gr
256,.ntt (page does not exist)
257,.eus
258,.graphics (page does not exist)
259,.boston
260,.bd
261,.team (page does not exist)
262,.sex
263,.zuerich (page does not exist)
264,.soy (page does not exist)
265,.jm
266,.brussels
267,.vista
268,.pg
269,.abbott
270,.yachts (page does not exist)
271,.parts (page does not exist)
272,.cfa
273,.la
274,.rexroth
275,.hospital (page does not exist)
276,.kyoto (page does not exist)
277,.futbol
278,.nl
279,.drive (page does not exist)
280,.pin (page does not exist)
281,.sling (page does not exist)
282,.irish
283,.clothing
284,".las-vegas.nv.us
"
285,.blog
286,XYZ.com
287,.tui
288,.pioneer
289,.ericsson
290,.al
291,.hdfcbank
292,.weatherchannel
293,.fishing (page does not exist)
294,.name
295,.sc
296,.ne
297,.佛山 (page does not exist)
298,.forex
299,.cv
300,.mu
301,.call (page does not exist)
302,.melbourne
303,.do
304,.reise (page does not exist)
305,.bible
306,.reisen (page does not exist)
307,.photography (page does not exist)
308,"dotBERLIN GmbH & Co. KG
"
309,.mtn
310,.hyundai
311,.ಭಾರತ
312,.life
313,"Abbott Laboratories, Inc."
314,.meme (page does not exist)
315,.dm
316,.bananarepublic (page does not exist)
317,.mma
318,.in
319,Guccio Gucci S.p.a.
320,.gold (page does not exist)
321,.sharp
322,.exchange
323,.page (page does not exist)
324,.day (page does not exist)
325,.photos
326,.ski (page does not exist)
327,.fyi (page does not exist)
328,.progressive
329,.airforce (page does not exist)
330,.alfaromeo
331,.مليسيا
332,.capital (page does not exist)
333,CNH Industrial N.V.
334,.gripe (page does not exist)
335,.한국
336,.institute (page does not exist)
337,.ferrero
338,.agakhan
339,.bf
340,.barcelona
341,.university (page does not exist)
342,.hotels (page does not exist)
343,.sbi
344,", etc.)"
345,.pictures (page does not exist)
346,.موبايلي
347,.talk (page does not exist)
348,.health (page does not exist)
349,.final (page does not exist)
350,.dance
351,.eu
352,.run (page does not exist)
353,.shell
354,.pa
355,.gift
356,.ac
357,.poker (page does not exist)
358,.plus (page does not exist)
359,.kp
360,.gn
361,.lease (page does not exist)
362,.desi
363,.nrw (TLD) (page does not exist)
364,.diamonds (page does not exist)
365,.box (gTLD) (page does not exist)
366,.kerryhotels
367,.gf
368,.yoga (page does not exist)
369,.movistar
370,.app (gTLD)
371,.toshiba
372,.holdings
373,.intuit
374,.cm
375,.дети (page does not exist)
376,.expert (page does not exist)
377,.clinique (page does not exist)
378,.hitachi
379,.gp
380,.solar
381,Ikano S.A.
382,.star
383,.商标 (page does not exist)
384,.build (page does not exist)
385,Koninklijke Philips N.V.
386,.scot
387,.stream
388,.八卦 (page does not exist)
389,.cz
390,.الجزائر
391,.sap
392,.tienda (page does not exist)
393,.sv
394,.rocher
395,.mom
396,.hot (page does not exist)
397,.pohl
398,.cuisinella
399,".icu
"
400,.zippo
401,.فلسطين
402,.bw
403,.tushu (page does not exist)
404,.ieee
405,.prime (page does not exist)
406,.gratis (page does not exist)
407,.bauhaus
408,.mp
409,.trading (page does not exist)
410,.mw
411,.onl
412,.krd
413,.cr
414,.ارامكو
415,.camp
416,"LPL Holdings, Inc."
417,.af
418,.etisalat
419,.guide (page does not exist)
420,.fire (page does not exist)
421,.tdk
422,"Juniper Networks, Inc."
423,.հայ
424,.aero
425,.飞利浦
426,.porn
427,.jetzt (page does not exist)
428,.youtube
429,.faith
430,Ferrero Trading Lux S.A.
431,.genting
432,.limited (page does not exist)
433,.example
434,.ଭାରତ (page does not exist)
435,.fox
436,.cards
437,.travel
438,.baidu
439,.toys (page does not exist)
440,.ભારત
441,.ink
442,.localhost
443,.realtor
444,.lupin
445,.fage
446,.bingo (page does not exist)
447,H. Lundbeck A/S
448,AbbVie Inc.
449,.buzz (page does not exist)
450,.abogado (page does not exist)
451,.epost (page does not exist)
452,.baby (page does not exist)
453,.lasalle
454,.insure (page does not exist)
455,.ck
456,.gmbh (page does not exist)
457,.paris
458,.cafe (page does not exist)
459,.dk
460,.dealer
461,.gw
462,.walmart
463,.kinder
464,.中國
465,.surf (page does not exist)
466,.stc
467,.weber
468,.frontdoor (page does not exist)
469,.lancome
470,.dad (page does not exist)
471,.weir
472,.booking
473,.one (top-level domain)
474,.cipriani (page does not exist)
475,.monash
476,.gop
477,.place (page does not exist)
478,.staples
479,.ਭਾਰਤ
480,.ky
481,.cooking (page does not exist)
482,.ubs
483,.pharmacy
484,.monster (page does not exist)
485,.legal (page does not exist)
486,.schule (page does not exist)
487,.clubmed
488,.uz
489,.homegoods (page does not exist)
490,.ir
491,.mr
492,.sn
493,.broadway (page does not exist)
494,.ye
495,.duck (page does not exist)
496,.lexus
497,.how (page does not exist)
498,.media (page does not exist)
499,.nexus
500,.mango
501,.joy (page does not exist)
502,.shangrila
503,.zip
504,.juegos
505,.yt
506,.seat
507,.smart
508,.москва (page does not exist)
509,.coach (page does not exist)
510,.nra
511,.ga
512,.bnpparibas
513,.bn
514,.works (page does not exist)
515,.bostik
516,.nyc
517,.vistaprint
518,.open (page does not exist)
519,.helsinki (page does not exist)
520,.cd
521,.audio
522,.lipsy
523,.ax
524,.airtel
525,.ses
526,.ch
527,.like (page does not exist)
528,.fo
529,.panasonic
530,.nec
531,.watches (page does not exist)
532,.გე
533,.club
534,.accountants (page does not exist)
535,.ke
536,.عراق (page does not exist)
537,.tel
538,.hotmail
539,.tatar (page does not exist)
540,.wedding
541,.ไทย
542,.fashion (page does not exist)
543,.网站 (page does not exist)
544,"McKinsey Holdings, Inc."
545,.liaison
546,.bom (page does not exist)
547,.company (page does not exist)
548,.barclaycard
549,.tube (page does not exist)
550,.kaufen
551,.game
552,.download
553,restricted .brand TLD
554,.love
555,.alstom
556,.католик
557,.mba (page does not exist)
558,Kerry Trading Co. Limited
559,.jpmorgan
560,.redstone
561,.showtime (page does not exist)
562,.gal
563,.中国
564,.gallup
565,.mobile (page does not exist)
566,.flsmidth
567,.frontier
568,.gd
569,.tp
570,.woodside
571,.台湾
572,.ma
573,.rsvp (page does not exist)
574,.dabur
575,.abudhabi (page does not exist)
576,.bio (page does not exist)
577,.doha (page does not exist)
578,.search (page does not exist)
579,.gl
580,.juniper
581,.セール (page does not exist)
582,.tokyo
583,.bet (page does not exist)
584,.lilly
585,.website (page does not exist)
586,.toyota
587,.akdn
588,.hamburg (page does not exist)
589,.fidelity
590,.ps
591,.fit (domain name) (page does not exist)
592,.navy (page does not exist)
593,.شبكة
594,.hangout (page does not exist)
595,.vuelos (page does not exist)
596,.natura
597,.construction (page does not exist)
598,Chanel International B.V.
599,.yamaxun
600,.kw
601,.vet (page does not exist)
602,.va
603,.buy (page does not exist)
604,.fk
605,.ng
606,.nissan
607,.financial (page does not exist)
608,.barclays
609,.ly
610,.lotto (page does not exist)
611,.vermögensberater
612,.il
613,.network (page does not exist)
614,.meet
615,.uno
616,.forum (page does not exist)
617,.versicherung (page does not exist)
618,.ファッション (page does not exist)
619,.ee
620,.abb
621,.technology (page does not exist)
622,.پاکستان
623,.security (page does not exist)
624,.su
625,.xerox
626,.org (top-level domain)
627,.tn
628,.de
629,.iq
630,.бг
631,.קום (page does not exist)
632,.azure
633,.nike
634,.ve
635,.teva
636,.management (page does not exist)
637,.new
638,.goodyear
639,.cg
640,.tz
641,.prod
642,.mk
643,.chat (page does not exist)
644,.iselect
645,.mtr
646,.li
647,.villas (page does not exist)
648,.crs
649,.org
650,.tax (page does not exist)
651,.frogans
652,.christmas
653,.consulting (page does not exist)
654,.amica
655,.bbt
656,.pics
657,.tm
658,.tv
659,.ing (page does not exist)
660,.contact (top-level domain) (page does not exist)
661,.med
662,.spiegel
663,.organic
664,.vote (page does not exist)
665,.volvo
666,.healthcare (page does not exist)
667,.nr
668,.tatamotors
669,.contractors (page does not exist)
670,.car
671,.bbva
672,.homesense (page does not exist)
673,.nc
674,.florist (page does not exist)
675,.cl
676,.travelersinsurance (page does not exist)
677,Still in use.
678,.kerrylogistics
679,.мон
680,.viajes (page does not exist)
681,.film (page does not exist)
682,.pwc
683,.deloitte
684,.rent (page does not exist)
685,.台灣
686,.bike
687,.land
688,.fi
689,.ht
690,.joburg (page does not exist)
691,.feedback (page does not exist)
692,.pay (page does not exist)
693,.gallo
694,.wed (page does not exist)
695,.men
696,.viking
697,.reliance
698,.kiwi
699,.pk
700,.tours (page does not exist)
701,.co
702,.mg
703,.suzuki
704,Richemont DNS Inc.
705,.香格里拉
706,.netflix
707,.republican (page does not exist)
708,.kg
709,.software (page does not exist)
710,.hm
711,.bcg
712,.origins (page does not exist)
713,.secure (page does not exist)
714,.android
715,.gmo
716,.uy
717,.lr
718,.vc
719,.autos (page does not exist)
720,.gm
721,.nagoya (page does not exist)
722,.am
723,.भारोत
724,.boehringer
725,.scjohnson
726,.camera
727,.lamborghini
728,.stcgroup
729,.eurovision
730,.praxi
731,.swiss
732,.ninja
733,.honda
734,.direct (page does not exist)
735,.kddi
736,.rw
737,.ge
738,.lanxess
739,.supplies (page does not exist)
740,.photo
741,.kia
742,.pizza
743,.cba
744,.mini
745,.be
746,.ci
747,.info
748,.cf
749,.casa (page does not exist)
750,.hsbc
751,.dental (page does not exist)
752,"JCB Co., Ltd."
753,.gt
754,.plumbing
755,.gle
756,.giving
757,.silk (page does not exist)
758,Telefónica S.A.
759,".new-york.ny.us
"
760,.dog (page does not exist)
761,.brother
762,.agency
763,.travelers
764,.esq (page does not exist)
765,.coupons (page does not exist)
766,.earth (page does not exist)
767,.aetna
768,.properties
769,.book (page does not exist)
770,.mobily (page does not exist)
771,.fj
772,.observer (page does not exist)
773,.gmx
774,.spreadbetting (page does not exist)
775,.aarp
776,.shouji (page does not exist)
777,.im
778,.loans (page does not exist)
779,.yodobashi
780,.godaddy
781,.io
782,.walter
783,.is
784,.nissay
785,.мкд
786,.fresenius
787,.hk
788,.lixil
789,.mint (top-level domain) (page does not exist)
790,.澳門
791,.author (page does not exist)
792,.google
793,.dubai (page does not exist)
794,.рф
795,.adult
796,.uk
797,.谷歌
798,.tech
799,.орг (page does not exist)
800,.codes
801,.anz
802,.ro
803,.horse (page does not exist)
804,.schaeffler
805,.zm
806,.bradesco
807,.tr
808,.bosch
809,.ae
810,.ren (page does not exist)
811,.vig
812,.immo (page does not exist)
813,.wtc
814,.foo (page does not exist)
815,.training (page does not exist)
816,.city (page does not exist)
817,.قطر
818,.sydney
819,.business (page does not exist)
820,.save (page does not exist)
821,.dodge
822,.careers (page does not exist)
823,.jaguar
824,.世界 (page does not exist)
825,.广东
826,.courses (page does not exist)
827,.corsica (page does not exist)
828,.temasek
829,.site (page does not exist)
830,.rest (page does not exist)
831,.moda
832,.sucks
833,.norton
834,.tl
835,.capetown (page does not exist)
836,.lundbeck
837,.vu
838,.vermögensberatung
839,SoftBank Group Corp.
840,.рус (page does not exist)
841,.aigo
842,.大众汽车
843,.madrid (page does not exist)
844,.aaa
845,.bugatti
846,.mz
847,.academy
848,.укр
849,.moto
850,.இந்தியா
851,.gh
852,"Dealer Dot Com, Inc."
853,.mv
854,.tools (page does not exist)
855,.bid
856,Komatsu Ltd.
857,.tk
858,.movie
859,.osaka (page does not exist)
860,.香港
861,.safety
862,".qc.ca
"
863,.tirol (page does not exist)
864,.voto (page does not exist)
865,.rs
866,.pm
867,.бел
868,.foundation (page does not exist)
869,.me
870,.中信
871,.channel (page does not exist)
872,.equipment (page does not exist)
873,.sarl (page does not exist)
874,.sew
875,.center
876,.doctor (page does not exist)
877,.finance (page does not exist)
878,.cars
879,.嘉里大酒店
880,.realestate (page does not exist)
881,.stada
882,.taipei
883,.skype
884,.bh
885,.weibo (page does not exist)
886,.alibaba
887,.whoswho (page does not exist)
888,.mh
889,.work
890,.닷넷 (page does not exist)
891,.claims (page does not exist)
892,.gmail
893,.budapest (page does not exist)
894,.nu
895,.lotte
896,.epson
897,.maif
898,.grainger
899,.holiday (page does not exist)
900,.prof (page does not exist)
901,.lat
902,.safe (page does not exist)
903,.visa
904,.kh
905,.mortgage (page does not exist)
906,.bot
907,.international
908,.int
909,.berlin
910,.km
911,.rich
912,.show (page does not exist)
913,.playstation
914,.asia
915,.casino (page does not exist)
916,.lacaixa
917,.xbox
918,.ricoh
919,.tf
920,.qvc
921,.stockholm (page does not exist)
922,.bt
923,.rio
924,.tips (page does not exist)
925,Pictet Europe S.A.
926,.tennis (page does not exist)
927,".boston.ma.us
"
928,.otsuka
929,.jobs
930,.party
931,.energy (page does not exist)
932,.moe
933,.fans (page does not exist)
934,.top
935,.er
936,.dhl
937,.சிங்கப்பூர்
938,.itv
939,.schmidt
940,.datsun
941,.moscow (page does not exist)
942,.newholland
943,.mlb
944,.онлайн
945,.bzh
946,.volkswagen
947,.esurance
948,.catering (page does not exist)
949,.mormon
950,.nikon
951,.church
952,.com
953,.ooo
954,.globo
955,.circle (page does not exist)
956,.hu
957,.world (page does not exist)
958,.domains (page does not exist)
959,.sfr
960,.wales
961,Fage International S.A.
962,.kpmg
963,.protection (page does not exist)
964,.닷컴 (page does not exist)
965,.sh
966,.om
967,.عمان
968,.luxury (page does not exist)
969,.abbvie
970,.lincoln
971,.rogers
972,.piaget
973,.gg
974,.dunlop
975,.ceo (page does not exist)
976,.garden (page does not exist)
977,.fujixerox
978,.kred
979,.ss
980,.hr
981,.tattoo
982,.mo
983,.sina
984,.barefoot (page does not exist)
985,.allstate
986,.rehab (page does not exist)
987,"Top Level Spectrum, Inc."
988,.chanel
989,.hkt
990,.realty (page does not exist)
991,.delivery (page does not exist)
992,.az
993,.flickr
994,.zone (page does not exist)
995,.اليمن
996,.భారత్
997,.arpa
998,.ni
999,.sca
1000,.singles
1001,.kerryproperties
1002,.amex
1003,.afl
1004,.condos (page does not exist)
1005,.java
1006,.arab (page does not exist)
1007,.crown
1008,.kitchen (page does not exist)
1009,.aquarelle
1010,.クラウド (page does not exist)
1011,.school (page does not exist)
1012,.commbank
1013,.ao
1014,.style (page does not exist)
1015,.racing
1016,.office
1017,.politie
1018,.sony
1019,.pid (page does not exist)
1020,.landrover
1021,.vodka (page does not exist)
1022,.bcn
1023,.mq
1024,.latrobe
1025,.fitness (page does not exist)
1026,.新加坡
1027,.vivo
1028,.lancia
1029,.at
1030,.pf
1031,.support
1032,.電訊盈科
1033,.et
1034,.spot (page does not exist)
1035,.pink
1036,.scor
1037,.fast (page does not exist)
1038,.ph
1039,.solutions (page does not exist)
1040,.ryukyu (page does not exist)
1041,.gi
1042,.商城 (page does not exist)
1043,.ferrari
1044,.wow (page does not exist)
1045,.blackfriday
1046,.cruise (page does not exist)
1047,.engineer (page does not exist)
1048,.samsung
1049,.okinawa (page does not exist)
1050,.gs
1051,.sm
1052,.sener
1053,.online (page does not exist)
1054,.ストア (page does not exist)
1055,.miami
1056,.网址 (page does not exist)
1057,.gallery (page does not exist)
1058,.audi
1059,.sa
1060,.kim
1061,.fairwinds
1062,.trade
1063,.gdn
1064,.lds
1065,.alsace
1066,.recipes (page does not exist)
1067,.bz
1068,.aramco
1069,.संगठन (page does not exist)
1070,.pe
1071,.ford
1072,.credit (page does not exist)
1073,.NGO and .ONG
1074,.gu
1075,.best
1076,.property
1077,.msd
1078,.immobilien (page does not exist)
1079,".csc
"
1080,.bharti
1081,.gucci
1082,.hbo
1083,.bj
1084,.goldpoint
1085,.cash (page does not exist)
1086,.scb
1087,.mitsubishi
1088,.lgbt
1089,.ком (page does not exist)
1090,.mil
1091,.na
1092,.cat
1093,.art
1094,.goog
1095,.cam
1096,.telecity
1097,.sale
1098,.集团 (page does not exist)
1099,.bestbuy (page does not exist)
1100,.biz
1101,.red
1102,.theater (page does not exist)
1103,.sr
1104,.np
1105,.aol
1106,.today
1107,.fund (page does not exist)
1108,.music
1109,.catholic (page does not exist)
1110,.golf (page does not exist)
1111,.maison (page does not exist)
1112,.shaw
1113,.reviews (page does not exist)
1114,.prudential
1115,.dupont
1116,.pr
1117,.onion
1118,.science
1119,.maserati
1120,.luxe (page does not exist)
1121,.sandvikcoromant
1122,.ice (page does not exist)
1123,.family (page does not exist)
1124,.cc
1125,.extraspace
1126,.lifestyle
1127,.video
1128,.voting
1129,.wanggou (page does not exist)
1130,.nz
1131,.cern
1132,.yokohama (page does not exist)
1133,.memorial (page does not exist)
1134,.studio (page does not exist)
1135,.song (page does not exist)
1136,.enterprises (page does not exist)
1137,.ml
1138,.shop
1139,.clinic (page does not exist)
1140,.email
1141,.عرب
1142,.nadex
1143,.fr
1144,.actor (page does not exist)
1145,xyz.xyz
1146,.passagens (page does not exist)
1147,.citi
1148,.pl
1149,.click
1150,.pru
1151,.community (page does not exist)
1152,.cruises (page does not exist)
1153,.st
1154,.shiksha
1155,.tickets (page does not exist)
1156,.shopping (page does not exist)
1157,.off (page does not exist)
1158,.ovh
1159,.vanguard
1160,.rwe
1161,.mckinsey
1162,.museum
1163,.ltda (page does not exist)
1164,.read (page does not exist)
1165,.as
1166,.bm
1167,.blue
1168,.pictet
1169,.ابوظبي
1170,.chintai
1171,.淡马锡
1172,.ഭാരതം
1173,.guardian
1174,.移动
1175,.alipay
1176,.lighting
1177,.telefonica
1178,"Lotte Holdings Co., Ltd."
1179,.срб
1180,.gives (page does not exist)
1181,.ভাৰত
1182,.engineering (page does not exist)
1183,.homes (page does not exist)
1184,.case (page does not exist)
1185,.istanbul
1186,.obi
1187,.jp
1188,.公益 (page does not exist)
1189,.win
1190,.mt
1191,.nokia
1192,.tiffany
1193,.review
1194,.cool (page does not exist)
1195,.industries (page does not exist)
1196,.taxi (page does not exist)
1197,.ltd (page does not exist)
1198,.career (page does not exist)
1199,Club Méditerranée S.A.
1200,.gea
1201,.auto
1202,.lawyer (page does not exist)
1203,.сайт
1204,.marketing (page does not exist)
1205,.degree (page does not exist)
1206,.ki
1207,.statefarm
1208,.auction (page does not exist)
1209,.lplfinancial
1210,.limo (page does not exist)
1211,.lpl
1212,.se
1213,.lk
1214,.by
1215,.sncf
1216,.room (page does not exist)
1217,.loan
1218,.macys
1219,"QVC, Inc."
1220,.quebec
1221,.lu
1222,.诺基亚
1223,.hair (page does not exist)
1224,.sg
1225,.gov
1226,.taobao
1227,.press (page does not exist)
1228,.sanofi
1229,Shaw Cablesystems G.P.
1230,.partners (page does not exist)
1231,.computer (page does not exist)
1232,.abudhabi
1233,.scholarships (page does not exist)
1234,.uol
1235,.express (page does not exist)
1236,.mm
1237,.market
1238,.report (page does not exist)
1239,.blockbuster (page does not exist)
1240,.deal (page does not exist)
1241,.cn
1242,.au
1243,.موريتانيا (page does not exist)
1244,.cancerresearch
1245,.archi
1246,.bbc
1247,.cloud
1248,.za
1249,.calvinklein
1250,.yandex
1251,.docs (page does not exist)
1252,.tw
1253,.fish (page does not exist)
1254,.ads (page does not exist)
1255,.everbank
1256,.gbiz
1257,.chrome
1258,.bms
1259,.tj
1260,.chase
1261,.shoes (page does not exist)
1262,.sandvik
1263,.edu
1264,.lc
1265,.aw
1266,.motorcycles (page does not exist)
1267,.windows
1268,.test
1269,.بازار (page does not exist)
1270,.amazon
1271,.qa
1272,.cymru
1273,"JCP Media, Inc."
1274,.br
1275,.foodnetwork (page does not exist)
1276,"Ricoh Company, Ltd."
1277,.bentley
1278,.nationwide
1279,.ar
1280,.nhk
1281,.eat (page does not exist)
1282,.flights (page does not exist)
1283,.host
1284,.northwesternmutual
1285,.farm
1286,.CLUB DOMAINS
1287,.capitalone
1288,.jcp
1289,.comcast
1290,.md
1291,.pw
1292,.موقع (page does not exist)
1293,.الاردن
1294,.oracle
1295,.allfinanz
1296,.dell
1297,.mc
1298,.flir
1299,.sohu
1300,.mx
1301,.accenture
1302,.delta
1303,.公司
1304,.seek
1305,.africa
1306,.ευ
1307,.wolterskluwer
1308,.اتصالات
1309,.linde
1310,.cologne (page does not exist)
1311,.locker (page does not exist)
1312,CBS Domains Inc.
1313,.dnp
1314,.beauty (page does not exist)
1315,.trust (page does not exist)
1316,"The TJX Companies, Inc."
1317,.study (page does not exist)
1318,.microsoft
1319,.lego
1320,.my
1321,.ua
1322,.ms
1323,.events
1324,.lt
1325,.koeln (page does not exist)
1326,.cbre
1327,.nf
1328,.sl
1329,.group (page does not exist)
1330,.target
1331,.sy
1332,Shriram Capital Ltd.
1333,.ec
1334,.amsterdam
1335,.ελ
1336,.green
1337,.vip (page does not exist)
1338,.hosting
1339,.ups
1340,.mattel
1341,.xin (page does not exist)
1342,.bridgestone
1343,.active (page does not exist)
1344,.hyatt
1345,.yahoo
1346,.vg
1347,.aig
1348,.deals (page does not exist)
1349,.space (page does not exist)
1350,.watch (page does not exist)
1351,.beer (page does not exist)
1352,.law (page does not exist)
1353,.البحرين (page does not exist)
1354,.bi
1355,.house
1356,.citadel
1357,.toray
1358,.news (page does not exist)
1359,.bank (page does not exist)
1360,.ru
1361,.wiki
1362,.pt
1363,.flowers
1364,.sz
1365,.blanco
1366,.to
1367,.link
1368,.services (page does not exist)
1369,.th
1370,.qpon (page does not exist)
1371,.starhub
1372,".leclerc
"
1373,.uconnect (page does not exist)
1374,.cisco
1375,.no
1376,.भारत
1377,.pet (page does not exist)
1378,.radio (page does not exist)
1379,.democrat (page does not exist)
1380,.promo (page does not exist)
1381,.みんな (page does not exist)
1382,.sx
1383,.بارت
1384,.hdfc
1385,.associates
1386,.بيتك
1387,.jcb
1388,.rmit
1389,.aeg
1390,.apple
1391,.fail (page does not exist)
1392,.education
1393,.ai
1394,.jo
1395,.tg
1396,.ڀارت
1397,.kfh
1398,.zara
1399,.omega
1400,.guru
1401,.ලංකා
1402,.dating
1403,.bloomberg
1404,.digital (page does not exist)
1405,.furniture (page does not exist)
1406,.sky
1407,.coupon (page does not exist)
1408,.グーグル
1409,.mutual
1410,.nba
1411,.kinder (page does not exist)
1412,.hoteles (page does not exist)
1413,.help
1414,.airbus
1415,.rodeo (page does not exist)
1416,.soccer (page does not exist)
1417,.band (top-level domain) (page does not exist)
1418,.repair (page does not exist)
1419,.sbs
1420,.analytics (page does not exist)
1421,.black
1422,.pub
1423,.theatre (page does not exist)
1424,.pn
1425,.ею
1426,.apartments
1427,.social
1428,.hiphop
1429,.dvag
1430,.abarth (page does not exist)
1431,.glass
1432,.dj
1433,.bayern (page does not exist)
1434,.discover
1435,.rip (page does not exist)
1436,.design
1437,.wf
1438,.कॉम (page does not exist)
1439,.directory
1440,.vn
1441,.澳门
1442,.wien
1443,.accountant
1444,.softbank
1445,.saxo
1446,"Gallo Vineyards, Inc."
1447,.hockey (page does not exist)
1448,.abc (Internet domain) (page does not exist)
1449,.coffee
1450,.ایران
1451,.ipiranga
1452,.locus
1453,.bond
1454,.ws
1455,.xxx
1456,.pfizer
1457,.money (page does not exist)
1458,.sb
1459,.coop
1460,.durban (page does not exist)
1461,.estate (page does not exist)
1462,.town (page does not exist)
1463,.shriram
1464,.gq
1465,.bo
1466,.metlife
1467,.boutique (page does not exist)
1468,.gifts (page does not exist)
1469,.fm
1470,.neustar
1471,.zappos
1472,.机构 (page does not exist)
1473,.systems (page does not exist)
1474,.mobi
